,Year,1972,1976,1980,1984,1988,1992,1996,2000,2004,2008,2012,2016,2020,2024
0,Democratic candidate,George McGovern,Jimmy Carter,Jimmy Carter,Walter Mondale,Michael Dukakis,Bill Clinton,Bill Clinton,Al Gore,John Kerry,Barack Obama,Barack Obama,Hillary Clinton,Joe Biden,Kamala Harris
1,Republican candidate,Richard Nixon,Gerald Ford,Ronald Reagan,Ronald Reagan,George H. W. Bush,George H. W. Bush,Bob Dole,George W. Bush,George W. Bush,John McCain,Mitt Romney,Donald Trump,Donald Trump,Donald Trump
2,National popular vote,Nixon,Carter,Reagan,Reagan,Bush,Clinton,Clinton,Gore,Bush,Obama,Obama,Clinton,Biden,Trump
3,Alabama,Nixon,Carter,Reagan,Reagan,Bush,Bush,Dole,Bush,Bush,McCain,Romney,Trump,Trump,Trump
4,Alaska,Nixon,Ford,Reagan,Reagan,Bush,Bush,Dole,Bush,Bush,McCain,Romney,Trump,Trump,Trump
5,Arizona,Nixon,Ford,Reagan,Reagan,Bush,Bush,Clinton,Bush,Bush,McCain,Romney,Trump,Biden,Trump
6,Arkansas,Nixon,Carter,Reagan,Reagan,Bush,Clinton,Clinton,Bush,Bush,McCain,Romney,Trump,Trump,Trump
7,California,Nixon,Ford,Reagan,Reagan,Bush,Clinton,Clinton,Gore,Kerry,Obama,Obama,Clinton,Biden,Harris
8,Colorado,Nixon,Ford,Reagan,Reagan,Bush,Clinton,Dole,Bush,Bush,Obama,Obama,Clinton,Biden,Harris
9,Connecticut,Nixon,Ford,Reagan,Reagan,Bush,Clinton,Clinton,Gore,Kerry,Obama,Obama,Clinton,Biden,Harris
10,Delaware,Nixon,Carter,Reagan,Reagan,Bush,Clinton,Clinton,Gore,Kerry,Obama,Obama,Clinton,Biden,Harris
11,District of Columbia,McGovern,Carter,Carter,Mondale,Dukakis,Clinton,Clinton,Gore,Kerry,Obama,Obama,Clinton,Biden,Harris
12,Florida,Nixon,Carter,Reagan,Reagan,Bush,Bush,Clinton,Bush,Bush,Obama,Obama,Trump,Trump,Trump
13,Georgia,Nixon,Carter,Carter,Reagan,Bush,Clinton,Dole,Bush,Bush,McCain,Romney,Trump,Biden,Trump
14,Hawaii,Nixon,Carter,Carter,Reagan,Dukakis,Clinton,Clinton,Gore,Kerry,Obama,Obama,Clinton,Biden,Harris
15,Idaho,Nixon,Ford,Reagan,Reagan,Bush,Bush,Dole,Bush,Bush,McCain,Romney,Trump,Trump,Trump
16,Illinois,Nixon,Ford,Reagan,Reagan,Bush,Clinton,Clinton,Gore,Kerry,Obama,Obama,Clinton,Biden,Harris
17,Indiana,Nixon,Ford,Reagan,Reagan,Bush,Bush,Dole,Bush,Bush,Obama,Romney,Trump,Trump,Trump
18,Iowa,Nixon,Ford,Reagan,Reagan,Dukakis,Clinton,Clinton,Gore,Bush,Obama,Obama,Trump,Trump,Trump
19,Kansas,Nixon,Ford,Reagan,Reagan,Bush,Bush,Dole,Bush,Bush,McCain,Romney,Trump,Trump,Trump
20,Kentucky,Nixon,Carter,Reagan,Reagan,Bush,Clinton,Clinton,Bush,Bush,McCain,Romney,Trump,Trump,Trump
21,Louisiana,Nixon,Carter,Reagan,Reagan,Bush,Clinton,Clinton,Bush,Bush,McCain,Romney,Trump,Trump,Trump
22,Maine,Nixon,Ford,Reagan,Reagan,Bush,Clinton (at-large and ME-01),Clinton,Gore (at-large and ME-01),Kerry,Obama,Obama,Clinton (at-large),Biden (at-large and ME-01),Harris (at-large and ME-01)
23,Clinton (ME-01),,,,,,,,,,,,,,
24,Clinton (ME-02),Gore (ME-02),Trump (ME-02),Trump (ME-02),Trump (ME-02),,,,,,,,,,
25,Maryland,Nixon,Carter,Carter,Reagan,Bush,Clinton,Clinton,Gore,Kerry,Obama,Obama,Clinton,Biden,Harris
26,Massachusetts,McGovern,Carter,Reagan,Reagan,Dukakis,Clinton,Clinton,Gore,Kerry,Obama,Obama,Clinton,Biden,Harris
27,Michigan,Nixon,Ford,Reagan,Reagan,Bush,Clinton,Clinton,Gore,Kerry,Obama,Obama,Trump,Biden,Trump
28,Minnesota,Nixon,Carter,Carter,Mondale,Dukakis,Clinton,Clinton,Gore,Kerry,Obama,Obama,Clinton,Biden,Harris
29,Mississippi,Nixon,Carter,Reagan,Reagan,Bush,Bush,Dole,Bush,Bush,McCain,Romney,Trump,Trump,Trump
30,Missouri,Nixon,Carter,Reagan,Reagan,Bush,Clinton,Clinton,Bush,Bush,McCain,Romney,Trump,Trump,Trump
31,Montana,Nixon,Ford,Reagan,Reagan,Bush,Clinton,Dole,Bush,Bush,McCain,Romney,Trump,Trump,Trump
32,Nebraska,Nixon,Ford,Reagan,Reagan,Bush,Bush,Dole,Bush,Bush,"McCain (at-large, NE-01, NE-03)",Romney,Trump,"Trump (at-large, NE-01, NE-03)","Trump (at-large, NE-01, NE-03)"
33,Obama (NE-02),Biden (NE-02),Harris (NE-02),,,,,,,,,,,,
34,Nevada,Nixon,Ford,Reagan,Reagan,Bush,Clinton,Clinton,Bush,Bush,Obama,Obama,Clinton,Biden,Trump
35,New Hampshire,Nixon,Ford,Reagan,Reagan,Bush,Clinton,Clinton,Bush,Kerry,Obama,Obama,Clinton,Biden,Harris
36,New Jersey,Nixon,Ford,Reagan,Reagan,Bush,Clinton,Clinton,Gore,Kerry,Obama,Obama,Clinton,Biden,Harris
37,New Mexico,Nixon,Ford,Reagan,Reagan,Bush,Clinton,Clinton,Gore,Bush,Obama,Obama,Clinton,Biden,Harris
38,New York,Nixon,Carter,Reagan,Reagan,Dukakis,Clinton,Clinton,Gore,Kerry,Obama,Obama,Clinton,Biden,Harris
39,North Carolina,Nixon,Carter,Reagan,Reagan,Bush,Bush,Dole,Bush,Bush,Obama,Romney,Trump,Trump,Trump
40,North Dakota,Nixon,Ford,Reagan,Reagan,Bush,Bush,Dole,Bush,Bush,McCain,Romney,Trump,Trump,Trump
41,Ohio,Nixon,Carter,Reagan,Reagan,Bush,Clinton,Clinton,Bush,Bush,Obama,Obama,Trump,Trump,Trump
42,Oklahoma,Nixon,Ford,Reagan,Reagan,Bush,Bush,Dole,Bush,Bush,McCain,Romney,Trump,Trump,Trump
43,Oregon,Nixon,Ford,Reagan,Reagan,Dukakis,Clinton,Clinton,Gore,Kerry,Obama,Obama,Clinton,Biden,Harris
44,Pennsylvania,Nixon,Carter,Reagan,Reagan,Bush,Clinton,Clinton,Gore,Kerry,Obama,Obama,Trump,Biden,Trump
45,Rhode Island,Nixon,Carter,Carter,Reagan,Dukakis,Clinton,Clinton,Gore,Kerry,Obama,Obama,Clinton,Biden,Harris
46,South Carolina,Nixon,Carter,Reagan,Reagan,Bush,Bush,Dole,Bush,Bush,McCain,Romney,Trump,Trump,Trump
47,South Dakota,Nixon,Ford,Reagan,Reagan,Bush,Bush,Dole,Bush,Bush,McCain,Romney,Trump,Trump,Trump
48,Tennessee,Nixon,Carter,Reagan,Reagan,Bush,Clinton,Clinton,Bush,Bush,McCain,Romney,Trump,Trump,Trump
49,Texas,Nixon,Carter,Reagan,Reagan,Bush,Bush,Dole,Bush,Bush,McCain,Romney,Trump,Trump,Trump
50,Utah,Nixon,Ford,Reagan,Reagan,Bush,Bush,Dole,Bush,Bush,McCain,Romney,Trump,Trump,Trump
51,Vermont,Nixon,Ford,Reagan,Reagan,Bush,Clinton,Clinton,Gore,Kerry,Obama,Obama,Clinton,Biden,Harris
52,Virginia,Nixon,Ford,Reagan,Reagan,Bush,Bush,Dole,Bush,Bush,Obama,Obama,Clinton,Biden,Harris
53,Washington,Nixon,Ford,Reagan,Reagan,Dukakis,Clinton,Clinton,Gore,Kerry,Obama,Obama,Clinton,Biden,Harris
54,West Virginia,Nixon,Carter,Carter,Reagan,Dukakis,Clinton,Clinton,Bush,Bush,McCain,Romney,Trump,Trump,Trump
55,Wisconsin,Nixon,Carter,Reagan,Reagan,Dukakis,Clinton,Clinton,Gore,Kerry,Obama,Obama,Trump,Biden,Trump
56,Wyoming,Nixon,Ford,Reagan,Reagan,Bush,Bush,Dole,Bush,Bush,McCain,Romney,Trump,Trump,Trump
